date,account,equity
2026-09-30,tournament_crypto,399.19
2026-09-30,ml_crypto,401.04
2026-09-30,bench_btc,397.49
2026-10-01,tournament_stocks,400.55
2026-10-01,ml_stocks,401.0
2026-10-01,bench_spy,399.61
2026-10-01,tournament_crypto,399.95
2026-10-01,ml_crypto,400.3
2026-10-01,bench_btc,403.67
2026-10-02,tournament_stocks,401.3
2026-10-02,ml_stocks,400.32
2026-10-02,bench_spy,402.56
2026-10-02,tournament_crypto,398.41
2026-10-02,ml_crypto,400.3
2026-10-02,bench_btc,401.98
2026-10-03,tournament_crypto,399.73
2026-10-03,ml_crypto,399.98
2026-10-03,bench_btc,403.25
2026-10-04,tournament_crypto,405.94
2026-10-04,ml_crypto,399.25
2026-10-04,bench_btc,411.41
2026-10-05,tournament_stocks,403.37
2026-10-05,ml_stocks,399.58
2026-10-05,bench_spy,405.28
2026-10-05,tournament_crypto,406.89
2026-10-05,ml_crypto,399.25
2026-10-05,bench_btc,408.11
2026-10-06,tournament_stocks,404.28
2026-10-06,ml_stocks,401.45
2026-10-06,bench_spy,407.5
2026-10-06,tournament_crypto,404.89
2026-10-06,ml_crypto,395.56
2026-10-06,bench_btc,407.02
2026-10-07,tournament_stocks,403.27
2026-10-07,ml_stocks,402.28
2026-10-07,bench_spy,406.53
2026-10-01,bench_eq_stocks,399.15
2026-10-02,bench_eq_stocks,401.25
2026-10-05,bench_eq_stocks,404.06
2026-10-06,bench_eq_stocks,406.68
2026-10-07,bench_eq_stocks,406.78
2026-10-07,tournament_crypto,394.88
2026-10-07,ml_crypto,377.82
2026-10-07,bench_btc,396.17
2026-10-01,bench_eq_crypto,401.03
2026-10-02,bench_eq_crypto,398.76
2026-10-03,bench_eq_crypto,401.7
2026-10-04,bench_eq_crypto,411.35
2026-10-05,bench_eq_crypto,411.72
2026-10-06,bench_eq_crypto,409.33
2026-10-07,bench_eq_crypto,394.59
2026-10-08,tournament_stocks,404.64
2026-10-08,ml_stocks,404.19
2026-10-08,bench_spy,404.81
2026-10-08,bench_eq_stocks,407.27
2026-10-08,tournament_crypto,376.19
2026-10-08,ml_crypto,361.72
2026-10-08,bench_btc,388.56
2026-10-08,bench_eq_crypto,375.55
2026-10-09,tournament_stocks,407.02
2026-10-09,ml_stocks,410.78
2026-10-09,bench_spy,407.23
2026-10-09,bench_eq_stocks,410.49
2026-10-09,tournament_crypto,380.34
2026-10-09,ml_crypto,363.49
2026-10-09,bench_btc,392.7
2026-10-09,bench_eq_crypto,380.7
